Virus,Decay,Dose,Rep,Indiv,Date.Autop,Virus.Pres
CONTROL,NA,NA,1,1,,
CONTROL,NA,NA,1,2,3-Jul,0
CONTROL,NA,NA,1,3,,
CONTROL,NA,NA,1,4,,
CONTROL,NA,NA,1,5,,
CONTROL,NA,NA,1,6,,
CONTROL,NA,NA,1,7,,
CONTROL,NA,NA,1,8,,
CONTROL,NA,NA,1,9,,
CONTROL,NA,NA,1,10,,
CONTROL,NA,NA,1,11,,
CONTROL,NA,NA,1,12,,
CONTROL,NA,NA,1,13,,
CONTROL,NA,NA,1,14,,
CONTROL,NA,NA,1,15,,
CONTROL,NA,NA,1,16,,
CONTROL,NA,NA,1,17,,
CONTROL,NA,NA,1,18,6-Jul,1
CONTROL,NA,NA,1,19,,
CONTROL,NA,NA,1,20,3-Jul,0
CONTROL,NA,NA,2,1,,
CONTROL,NA,NA,2,2,,
CONTROL,NA,NA,2,3,,
CONTROL,NA,NA,2,4,,
CONTROL,NA,NA,2,5,,
CONTROL,NA,NA,2,6,,
CONTROL,NA,NA,2,7,,
CONTROL,NA,NA,2,8,,
CONTROL,NA,NA,2,9,,
CONTROL,NA,NA,2,10,,
CONTROL,NA,NA,2,11,,
CONTROL,NA,NA,2,12,,
CONTROL,NA,NA,2,13,,
CONTROL,NA,NA,2,14,,
CONTROL,NA,NA,2,15,,
CONTROL,NA,NA,2,16,,
CONTROL,NA,NA,2,17,,
CONTROL,NA,NA,2,18,,
CONTROL,NA,NA,2,19,,
CONTROL,NA,NA,3,1,,
CONTROL,NA,NA,3,2,,
CONTROL,NA,NA,3,3,,
CONTROL,NA,NA,3,4,,
CONTROL,NA,NA,3,5,,
CONTROL,NA,NA,3,6,,
CONTROL,NA,NA,3,7,,
CONTROL,NA,NA,3,8,,
CONTROL,NA,NA,3,9,,
CONTROL,NA,NA,3,10,7-Jul,0
CONTROL,NA,NA,3,11,,
CONTROL,NA,NA,3,12,3-Jul,0
CONTROL,NA,NA,3,13,,
CONTROL,NA,NA,3,14,20-Jul,0
CONTROL,NA,NA,3,15,,
CONTROL,NA,NA,3,16,,
CONTROL,NA,NA,4,1,,
CONTROL,NA,NA,4,2,4-Jul,0
CONTROL,NA,NA,4,3,,
CONTROL,NA,NA,4,4,,
CONTROL,NA,NA,4,5,4-Jul,0
CONTROL,NA,NA,4,6,,
CONTROL,NA,NA,4,7,,
CONTROL,NA,NA,4,8,,
CONTROL,NA,NA,4,9,,
CONTROL,NA,NA,4,10,6-Jul,0
CONTROL,NA,NA,4,11,,
CONTROL,NA,NA,4,12,4-Jul,0
CONTROL,NA,NA,5,1,,
CONTROL,NA,NA,5,2,,
CONTROL,NA,NA,5,3,4-Jul,0
CONTROL,NA,NA,5,4,,
CONTROL,NA,NA,5,5,,
CONTROL,NA,NA,5,6,4-Jul,0
CONTROL,NA,NA,5,7,,
CONTROL,NA,NA,5,8,,
CONTROL,NA,NA,5,9,,
CONTROL,NA,NA,5,10,,
CONTROL,NA,NA,6,1,,
CONTROL,NA,NA,6,2,,
CONTROL,NA,NA,6,3,,
CONTROL,NA,NA,6,4,,
CONTROL,NA,NA,6,5,,
CONTROL,NA,NA,6,6,,
CONTROL,NA,NA,6,7,,
CONTROL,NA,NA,6,8,,
CONTROL,NA,NA,6,9,,
CONTROL,NA,NA,6,10,,
CONTROL,NA,NA,6,11,,
CONTROL,NA,NA,6,12,,
CONTROL,NA,NA,7,1,,
CONTROL,NA,NA,7,2,,
CONTROL,NA,NA,7,3,,
CONTROL,NA,NA,7,4,,
CONTROL,NA,NA,7,5,,
CONTROL,NA,NA,7,6,,
CONTROL,NA,NA,7,7,,
KLIP,0D,HI,1,1,15-Jul,1
KLIP,0D,HI,1,2,,
KLIP,0D,HI,1,3,22-Jul,1
KLIP,0D,HI,1,4,,
KLIP,0D,HI,1,5,,
KLIP,0D,HI,1,6,,
KLIP,0D,HI,1,7,,
KLIP,0D,HI,1,8,22-Jul,0
KLIP,0D,HI,1,9,,
KLIP,0D,HI,1,10,6-Jul,1
KLIP,0D,HI,1,11,,
KLIP,0D,HI,1,12,22-Jul,1
KLIP,0D,HI,1,13,,
KLIP,0D,HI,1,14,,
KLIP,0D,HI,1,15,,
KLIP,0D,HI,1,16,22-Jul,1
KLIP,0D,HI,1,17,,
KLIP,0D,HI,1,18,,
KLIP,0D,HI,1,19,,
KLIP,0D,HI,1,20,6-Jul,0
KLIP,0D,HI,2,1,,
KLIP,0D,HI,2,2,,
KLIP,0D,HI,2,3,,
KLIP,0D,HI,2,4,,
KLIP,0D,HI,2,5,3-Jul,0
KLIP,0D,HI,2,6,,
KLIP,0D,HI,2,7,,
KLIP,0D,HI,2,8,,
KLIP,0D,HI,2,9,,
KLIP,0D,HI,2,10,,
KLIP,0D,HI,2,11,,
KLIP,0D,HI,2,12,,
KLIP,0D,HI,2,13,,
KLIP,0D,HI,2,14,,
KLIP,0D,HI,2,15,20-Jul,
KLIP,0D,HI,2,16,,
KLIP,0D,HI,2,17,,
KLIP,0D,HI,2,18,,
KLIP,0D,HI,2,19,,
KLIP,0D,HI,3,1,6-Jul,1
KLIP,0D,HI,3,2,4-Jul,1
KLIP,0D,HI,3,3,,
KLIP,0D,HI,3,4,,
KLIP,0D,HI,3,5,,
KLIP,0D,HI,3,6,,
KLIP,0D,HI,3,7,9-Jul,1
KLIP,0D,HI,3,8,,
KLIP,0D,HI,3,9,4-Jul,1
KLIP,0D,HI,3,10,,
KLIP,0D,HI,3,11,,
KLIP,0D,HI,3,12,10-Jul,1
KLIP,0D,HI,3,13,,
KLIP,0D,HI,3,14,,
KLIP,0D,HI,3,15,,
KLIP,0D,HI,3,16,,
KLIP,0D,HI,3,17,,
KLIP,0D,HI,3,18,,
KLIP,0D,HI,3,19,,
KLIP,0D,HI,4,1,4-Jul,1
KLIP,0D,HI,4,2,,
KLIP,0D,HI,4,3,,
KLIP,0D,HI,4,4,,
KLIP,0D,HI,4,5,,
KLIP,0D,HI,4,6,6-Jul,1
KLIP,0D,HI,4,7,12-Jul,1
KLIP,0D,HI,4,8,,
KLIP,0D,HI,4,9,7-Jul,1
KLIP,0D,HI,4,10,,
KLIP,0D,HI,4,11,,
KLIP,0D,HI,4,12,,
KLIP,0D,HI,4,13,,
KLIP,0D,HI,4,14,6-Jul,1
KLIP,0D,HI,4,15,7-Jul,1
KLIP,0D,HI,4,16,4-Jul,1
KLIP,0D,HI,4,17,,
KLIP,0D,HI,4,18,,
KLIP,0D,HI,4,19,,
KLIP,0D,HI,5,1,15-Jul,1
KLIP,0D,HI,5,2,,
KLIP,0D,HI,5,3,,
KLIP,0D,HI,5,4,8-Jul,1
KLIP,0D,HI,5,5,8-Jul,1
KLIP,0D,HI,5,6,,
KLIP,0D,HI,5,7,8-Jul,1
KLIP,0D,HI,5,8,10-Jul,1
KLIP,0D,HI,5,9,,
KLIP,0D,HI,5,10,8-Jul,1
KLIP,0D,HI,5,11,,
KLIP,0D,HI,5,12,9-Jul,1
KLIP,0D,HI,5,13,9-Jul,0
KLIP,0D,HI,5,14,5-Jul,0
KLIP,0D,HI,6,1,5-Jul,1
KLIP,0D,HI,6,2,5-Jul,1
KLIP,0D,HI,6,3,5-Jul,1
KLIP,0D,HI,6,4,5-Jul,1
KLIP,0D,HI,6,5,9-Jul,1
KLIP,0D,HI,6,6,8-Jul,1
KLIP,0D,HI,6,7,5-Jul,0
KLIP,0D,HI,7,1,5-Jul,1
KLIP,0D,HI,7,2,8-Jul,1
KLIP,0D,HI,7,3,8-Jul,1
KLIP,0D,HI,7,4,5-Jul,1
KLIP,0D,HI,7,5,8-Jul,1
KLIP,0D,HI,7,6,13-Jul,1
KLIP,0D,HI,7,7,7-Jul,1
KLIP,0D,HI,7,8,9-Jul,1
KLIP,0D,HI,7,9,,
KLIP,0D,HI,7,10,10-Jul,1
KLIP,0D,HI,7,11,7-Jul,1
KLIP,0D,HI,7,12,,
KLIP,0D,HI,7,13,7-Jul,1
KLIP,0D,HI,7,14,8-Jul,1
KLIP,0D,HI,7,15,7-Jul,1
KLIP,0D,HI,7,16,,
KLIP,0D,HI,7,17,,
KLIP,0D,HI,7,18,,
KLIP,0D,LOW,1,1,,
KLIP,0D,LOW,1,2,,
KLIP,0D,LOW,1,3,,
KLIP,0D,LOW,1,4,22-Jul,1
KLIP,0D,LOW,1,5,,
KLIP,0D,LOW,1,6,,
KLIP,0D,LOW,1,7,,
KLIP,0D,LOW,1,8,,
KLIP,0D,LOW,1,9,,
KLIP,0D,LOW,1,10,,
KLIP,0D,LOW,1,11,,
KLIP,0D,LOW,1,12,,
KLIP,0D,LOW,1,13,,
KLIP,0D,LOW,1,14,,
KLIP,0D,LOW,1,15,,
KLIP,0D,LOW,1,16,,
KLIP,0D,LOW,1,17,,
KLIP,0D,LOW,1,18,20-Jul,1
KLIP,0D,LOW,2,1,22-Jul,0
KLIP,0D,LOW,2,2,,
KLIP,0D,LOW,2,3,,
KLIP,0D,LOW,2,4,,
KLIP,0D,LOW,2,5,,
KLIP,0D,LOW,2,6,,
KLIP,0D,LOW,2,7,3-Jul,1
KLIP,0D,LOW,2,8,22-Jul,0
KLIP,0D,LOW,2,9,22-Jul,0
KLIP,0D,LOW,2,10,,
KLIP,0D,LOW,2,11,,
KLIP,0D,LOW,2,12,,
KLIP,0D,LOW,2,13,,
KLIP,0D,LOW,2,14,22-Jul,1
KLIP,0D,LOW,2,15,22-Jul,1
KLIP,0D,LOW,2,16,22-Jul,0
KLIP,0D,LOW,2,17,,
KLIP,0D,LOW,2,18,,
KLIP,0D,LOW,2,19,,
KLIP,0D,LOW,3,1,4-Jul,0
KLIP,0D,LOW,3,2,,
KLIP,0D,LOW,3,3,,
KLIP,0D,LOW,3,4,,
KLIP,0D,LOW,3,5,,
KLIP,0D,LOW,3,6,,
KLIP,0D,LOW,3,7,,
KLIP,0D,LOW,3,8,,
KLIP,0D,LOW,3,9,,
KLIP,0D,LOW,3,10,,
KLIP,0D,LOW,3,11,22-Jul,1
KLIP,0D,LOW,3,12,,
KLIP,0D,LOW,3,13,,
KLIP,0D,LOW,3,14,10-Jul,0
KLIP,0D,LOW,3,15,,
KLIP,0D,LOW,3,16,4-Jul,0
KLIP,0D,LOW,3,17,,
KLIP,0D,LOW,3,18,,
KLIP,0D,LOW,4,1,,
KLIP,0D,LOW,4,2,,
KLIP,0D,LOW,4,3,,
KLIP,0D,LOW,4,4,,
KLIP,0D,LOW,4,5,,
KLIP,0D,LOW,4,6,,
KLIP,0D,LOW,4,7,,
KLIP,0D,LOW,4,8,,
KLIP,0D,LOW,4,9,,
KLIP,0D,LOW,4,10,,
KLIP,0D,LOW,4,11,,
KLIP,0D,LOW,4,12,,
KLIP,0D,LOW,4,13,,
KLIP,0D,LOW,4,14,,
KLIP,0D,LOW,4,15,,
KLIP,0D,LOW,4,16,,
KLIP,0D,LOW,4,17,,
KLIP,0D,LOW,4,18,,
KLIP,0D,LOW,4,19,4-Jul,0
KLIP,0D,LOW,4,20,,
KLIP,0D,LOW,5,1,9-Jul,1
KLIP,0D,LOW,5,2,,
KLIP,0D,LOW,5,3,10-Jul,1
KLIP,0D,LOW,5,4,,
KLIP,0D,LOW,5,5,,
KLIP,0D,LOW,5,6,,
KLIP,0D,LOW,5,7,,
KLIP,0D,LOW,5,8,,
KLIP,0D,LOW,5,9,,
KLIP,0D,LOW,5,10,,
KLIP,0D,LOW,5,11,,
KLIP,0D,LOW,5,12,7-Jul,1
KLIP,0D,LOW,5,13,,
KLIP,0D,LOW,5,14,,
KLIP,0D,LOW,5,15,,
KLIP,0D,LOW,5,16,7-Jul,1
KLIP,0D,LOW,5,17,8-Jul,1
KLIP,0D,LOW,5,18,,
KLIP,0D,LOW,5,19,,
KLIP,0D,LOW,6,1,,
KLIP,0D,LOW,6,2,,
KLIP,0D,LOW,6,3,,
KLIP,0D,LOW,6,4,,
KLIP,0D,LOW,6,5,,
KLIP,0D,LOW,6,6,,
KLIP,0D,LOW,6,7,,
KLIP,0D,LOW,6,8,,
KLIP,0D,LOW,6,9,,
KLIP,0D,LOW,6,10,,
KLIP,0D,LOW,6,11,,
KLIP,0D,LOW,6,12,,
KLIP,0D,LOW,6,13,,
KLIP,0D,LOW,6,14,,
KLIP,0D,LOW,6,15,,
KLIP,0D,LOW,6,16,,
KLIP,0D,LOW,6,17,,
KLIP,0D,LOW,6,18,22-Jul,1
KLIP,0D,LOW,6,19,,
KLIP,0D,LOW,7,1,,
KLIP,0D,LOW,7,2,,
KLIP,0D,LOW,7,3,,
KLIP,0D,LOW,7,4,,
KLIP,0D,LOW,7,5,,
KLIP,0D,LOW,7,6,,
KLIP,0D,LOW,7,7,,
KLIP,0D,LOW,7,8,,
KLIP,0D,LOW,7,9,,
KLIP,3D,HI,1,1,6-Jul,0
KLIP,3D,HI,1,2,,
KLIP,3D,HI,1,3,,
KLIP,3D,HI,1,4,,
KLIP,3D,HI,1,5,,
KLIP,3D,HI,1,6,,
KLIP,3D,HI,1,7,,
KLIP,3D,HI,1,8,8-Jul,1
KLIP,3D,HI,1,9,,
KLIP,3D,HI,1,10,,
KLIP,3D,HI,1,11,,
KLIP,3D,HI,1,12,,
KLIP,3D,HI,1,13,6-Jul,0
KLIP,3D,HI,1,14,,
KLIP,3D,HI,1,15,20-Jul,1
KLIP,3D,HI,1,16,,
KLIP,3D,HI,2,1,,
KLIP,3D,HI,2,2,22-Jul,1
KLIP,3D,HI,2,3,,
KLIP,3D,HI,2,4,10-Jul,1
KLIP,3D,HI,2,5,,
KLIP,3D,HI,2,6,16-Jul,0
KLIP,3D,HI,2,7,,
KLIP,3D,HI,2,8,22-Jul,1
KLIP,3D,HI,2,9,,
KLIP,3D,HI,2,10,20-Jul,1
KLIP,3D,HI,2,11,22-Jul,1
KLIP,3D,HI,2,12,,
KLIP,3D,HI,2,13,,
KLIP,3D,HI,2,14,,
KLIP,3D,HI,2,15,,
KLIP,3D,HI,2,16,,
KLIP,3D,HI,3,1,,
KLIP,3D,HI,3,2,9-Jul,1
KLIP,3D,HI,3,3,,
KLIP,3D,HI,3,4,,
KLIP,3D,HI,3,5,,
KLIP,3D,HI,3,6,,
KLIP,3D,HI,4,1,,
KLIP,3D,HI,4,2,12-Jul,1
KLIP,3D,HI,4,3,,
KLIP,3D,HI,4,4,,
KLIP,3D,HI,4,5,,
KLIP,3D,HI,4,6,,
KLIP,3D,HI,4,7,,
KLIP,3D,HI,4,8,,
KLIP,3D,HI,4,9,,
KLIP,3D,HI,5,1,,
KLIP,3D,HI,5,2,,
KLIP,3D,HI,5,3,,
KLIP,3D,HI,5,4,,
KLIP,3D,HI,5,5,,
KLIP,3D,HI,5,6,16-Jul,1
KLIP,3D,HI,5,7,22-Jul,1
KLIP,3D,HI,5,8,10-Jul,1
KLIP,3D,HI,5,9,,
KLIP,3D,HI,5,10,,
KLIP,3D,HI,5,11,,
KLIP,3D,HI,5,12,,
KLIP,3D,HI,5,13,,
KLIP,3D,HI,5,14,,
KLIP,3D,HI,5,15,,
KLIP,3D,HI,5,16,,
KLIP,3D,HI,5,17,,
KLIP,3D,HI,5,18,11-Jul,1
KLIP,3D,HI,5,19,7-Jul,1
KLIP,3D,HI,5,20,,
KLIP,3D,HI,6,1,,
KLIP,3D,HI,6,2,11-Jul,1
KLIP,3D,HI,6,3,,
KLIP,3D,HI,6,4,10-Jul,1
KLIP,3D,HI,6,5,,
KLIP,3D,HI,6,6,,
KLIP,3D,HI,6,7,7-Jul,1
KLIP,3D,HI,6,8,,
KLIP,3D,HI,6,9,7-Jul,1
KLIP,3D,HI,6,10,,
KLIP,3D,HI,6,11,,
KLIP,3D,HI,6,12,,
KLIP,3D,HI,6,13,8-Jul,1
KLIP,3D,HI,6,14,,
KLIP,3D,HI,6,15,,
KLIP,3D,HI,6,16,,
KLIP,3D,HI,7,1,,
KLIP,3D,HI,7,2,10-Jul,1
KLIP,3D,HI,7,3,,
KLIP,3D,HI,7,4,11-Jul,1
KLIP,3D,HI,7,5,,
KLIP,3D,HI,7,6,16-Jul,1
KLIP,3D,HI,7,7,10-Jul,1
KLIP,3D,HI,7,8,10-Jul,1
KLIP,3D,HI,7,9,12-Jul,1
KLIP,3D,HI,7,10,13-Jul,1
KLIP,3D,HI,7,11,,
KLIP,3D,HI,7,12,11-Jul,1
KLIP,3D,HI,7,13,6-Jul,1
KLIP,3D,HI,7,14,,
KLIP,3D,HI,7,15,10-Jul,1
KLIP,3D,HI,7,16,,
KLIP,3D,LOW,1,1,,
KLIP,3D,LOW,1,2,,
KLIP,3D,LOW,1,3,,
KLIP,3D,LOW,1,4,,
KLIP,3D,LOW,1,5,,
KLIP,3D,LOW,1,6,,
KLIP,3D,LOW,1,7,,
KLIP,3D,LOW,1,8,,
KLIP,3D,LOW,1,9,,
KLIP,3D,LOW,1,10,,
KLIP,3D,LOW,1,11,11-Jul,1
KLIP,3D,LOW,1,12,,
KLIP,3D,LOW,1,13,,
KLIP,3D,LOW,1,14,,
KLIP,3D,LOW,1,15,,
KLIP,3D,LOW,1,16,,
KLIP,3D,LOW,1,17,10-Jul,1
KLIP,3D,LOW,1,18,,
KLIP,3D,LOW,1,19,,
KLIP,3D,LOW,2,1,6-Jul,1
KLIP,3D,LOW,2,2,,
KLIP,3D,LOW,2,3,,
KLIP,3D,LOW,2,4,,
KLIP,3D,LOW,2,5,,
KLIP,3D,LOW,2,6,,
KLIP,3D,LOW,2,7,,
KLIP,3D,LOW,2,8,,
KLIP,3D,LOW,2,9,,
KLIP,3D,LOW,2,10,,
KLIP,3D,LOW,2,11,,
KLIP,3D,LOW,2,12,,
KLIP,3D,LOW,2,13,,
KLIP,3D,LOW,2,14,22-Jul,1
KLIP,3D,LOW,2,15,,
KLIP,3D,LOW,2,16,,
KLIP,3D,LOW,2,17,,
KLIP,3D,LOW,2,18,,
KLIP,3D,LOW,2,19,,
KLIP,3D,LOW,3,1,,
KLIP,3D,LOW,4,1,,
KLIP,3D,LOW,4,2,,
KLIP,3D,LOW,4,3,,
KLIP,3D,LOW,4,4,,
KLIP,3D,LOW,4,5,7-Jul,1
KLIP,3D,LOW,4,6,,
KLIP,3D,LOW,4,7,,
KLIP,3D,LOW,4,8,,
KLIP,3D,LOW,4,9,,
KLIP,3D,LOW,4,10,,
KLIP,3D,LOW,4,11,,
KLIP,3D,LOW,4,12,,
KLIP,3D,LOW,4,13,,
KLIP,3D,LOW,4,14,,
KLIP,3D,LOW,4,15,,
KLIP,3D,LOW,4,16,,
KLIP,3D,LOW,4,17,,
KLIP,3D,LOW,4,18,13-Jul,1
KLIP,3D,LOW,4,19,,
KLIP,3D,LOW,5,1,,
KLIP,3D,LOW,5,2,,
KLIP,3D,LOW,5,3,,
KLIP,3D,LOW,5,4,10-Jul,1
KLIP,3D,LOW,5,5,,
KLIP,3D,LOW,5,6,,
KLIP,3D,LOW,5,7,,
KLIP,3D,LOW,5,8,,
KLIP,3D,LOW,5,9,,
KLIP,3D,LOW,5,10,9-Jul,1
KLIP,3D,LOW,5,11,,
KLIP,3D,LOW,5,12,,
KLIP,3D,LOW,5,13,,
KLIP,3D,LOW,5,14,,
KLIP,3D,LOW,5,15,9-Jul,1
KLIP,3D,LOW,5,16,10-Jul,1
KLIP,3D,LOW,5,17,,
KLIP,3D,LOW,5,18,10-Jul,1
KLIP,3D,LOW,5,19,7-Jul,1
KLIP,3D,LOW,5,20,,
KLIP,3D,LOW,6,1,,
KLIP,3D,LOW,6,2,,
KLIP,3D,LOW,6,3,,
KLIP,3D,LOW,6,4,10-Jul,1
KLIP,3D,LOW,6,5,,
KLIP,3D,LOW,6,6,,
KLIP,3D,LOW,6,7,,
KLIP,3D,LOW,6,8,,
KLIP,3D,LOW,6,9,,
KLIP,3D,LOW,6,10,,
KLIP,3D,LOW,6,11,,
KLIP,3D,LOW,6,12,,
KLIP,3D,LOW,6,13,,
KLIP,3D,LOW,6,14,,
KLIP,3D,LOW,6,15,,
KLIP,3D,LOW,6,16,,
KLIP,3D,LOW,6,17,,
KLIP,3D,LOW,6,18,10-Jul,1
KLIP,3D,LOW,6,19,,
KLIP,3D,LOW,7,1,,
LOVE,0D,HI,1,1,,
LOVE,0D,HI,1,2,,
LOVE,0D,HI,1,3,,
LOVE,0D,HI,1,4,6-Jul,0
LOVE,0D,HI,1,5,,
LOVE,0D,HI,1,6,,
LOVE,0D,HI,1,7,,
LOVE,0D,HI,1,8,,
LOVE,0D,HI,1,9,,
LOVE,0D,HI,1,10,,
LOVE,0D,HI,1,11,,
LOVE,0D,HI,1,12,,
LOVE,0D,HI,1,13,,
LOVE,0D,HI,1,14,,
LOVE,0D,HI,1,15,6-Jul,1
LOVE,0D,HI,1,16,,
LOVE,0D,HI,1,17,,
LOVE,0D,HI,1,18,,
LOVE,0D,HI,2,1,,
LOVE,0D,HI,2,2,,
LOVE,0D,HI,2,3,,
LOVE,0D,HI,2,4,,
LOVE,0D,HI,2,5,6-Jul,1
LOVE,0D,HI,2,6,,
LOVE,0D,HI,2,7,,
LOVE,0D,HI,2,8,,
LOVE,0D,HI,2,9,,
LOVE,0D,HI,2,10,6-Jul,1
LOVE,0D,HI,2,11,,
LOVE,0D,HI,2,12,,
LOVE,0D,HI,2,13,,
LOVE,0D,HI,2,14,,
LOVE,0D,HI,2,15,,
LOVE,0D,HI,2,16,,
LOVE,0D,HI,2,17,,
LOVE,0D,HI,2,18,,
LOVE,0D,HI,2,19,,
LOVE,0D,HI,2,20,,
LOVE,0D,HI,3,1,,
LOVE,0D,HI,3,2,,
LOVE,0D,HI,3,3,,
LOVE,0D,HI,3,4,,
LOVE,0D,HI,3,5,8-Jul,1
LOVE,0D,HI,3,6,,
LOVE,0D,HI,3,7,,
LOVE,0D,HI,3,8,,
LOVE,0D,HI,3,9,,
LOVE,0D,HI,3,10,,
LOVE,0D,HI,3,11,,
LOVE,0D,HI,3,12,,
LOVE,0D,HI,3,13,,
LOVE,0D,HI,3,14,,
LOVE,0D,HI,3,15,,
LOVE,0D,HI,3,16,12-Jul,0
LOVE,0D,HI,3,17,9-Jul,1
LOVE,0D,HI,3,18,,
LOVE,0D,HI,3,19,,
LOVE,0D,HI,3,20,,
LOVE,0D,HI,4,1,,
LOVE,0D,HI,4,2,,
LOVE,0D,HI,4,3,,
LOVE,0D,HI,4,4,,
LOVE,0D,HI,4,5,,
LOVE,0D,HI,4,6,16-Jul,1
LOVE,0D,HI,4,7,22-Jul,0
LOVE,0D,HI,4,8,,
LOVE,0D,HI,4,9,,
LOVE,0D,HI,4,10,,
LOVE,0D,HI,4,11,,
LOVE,0D,HI,4,12,16-Jul,0
LOVE,0D,HI,4,13,14-Jul,1
LOVE,0D,HI,4,14,,
LOVE,0D,HI,4,15,12-Jul,1
LOVE,0D,HI,4,16,,
LOVE,0D,HI,4,17,,
LOVE,0D,HI,4,18,,
LOVE,0D,HI,4,19,,
LOVE,0D,HI,5,1,,
LOVE,0D,HI,5,2,,
LOVE,0D,HI,5,3,,
LOVE,0D,HI,5,4,,
LOVE,0D,HI,5,5,,
LOVE,0D,HI,5,6,11-Jul,0
LOVE,0D,HI,5,7,7-Jul,1
LOVE,0D,HI,5,8,,
LOVE,0D,HI,5,9,,
LOVE,0D,HI,5,10,,
LOVE,0D,HI,5,11,,
LOVE,0D,HI,6,1,,
LOVE,0D,HI,6,2,16-Jul,1
LOVE,0D,HI,6,3,,
LOVE,0D,HI,6,4,,
LOVE,0D,HI,6,5,,
LOVE,0D,HI,6,6,,
LOVE,0D,HI,6,7,,
LOVE,0D,HI,6,8,,
LOVE,0D,HI,6,9,,
LOVE,0D,HI,6,10,,
LOVE,0D,HI,6,11,,
LOVE,0D,HI,6,12,,
LOVE,0D,HI,6,13,,
LOVE,0D,HI,6,14,,
LOVE,0D,HI,6,15,,
LOVE,0D,HI,6,16,,
LOVE,0D,HI,6,17,,
LOVE,0D,HI,6,18,,
LOVE,0D,HI,6,19,6-Jul,1
LOVE,0D,HI,6,20,,
LOVE,0D,LOW,1,1,,
LOVE,0D,LOW,1,2,,
LOVE,0D,LOW,1,3,,
LOVE,0D,LOW,1,4,,
LOVE,0D,LOW,1,5,,
LOVE,0D,LOW,1,6,,
LOVE,0D,LOW,1,7,,
LOVE,0D,LOW,1,8,,
LOVE,0D,LOW,1,9,,
LOVE,0D,LOW,1,10,,
LOVE,0D,LOW,1,11,,
LOVE,0D,LOW,1,12,,
LOVE,0D,LOW,1,13,,
LOVE,0D,LOW,1,14,,
LOVE,0D,LOW,1,15,,
LOVE,0D,LOW,1,16,12-Jul,1
LOVE,0D,LOW,1,17,,
LOVE,0D,LOW,1,18,,
LOVE,0D,LOW,1,19,,
LOVE,0D,LOW,1,20,,
LOVE,0D,LOW,2,1,,
LOVE,0D,LOW,2,2,,
LOVE,0D,LOW,2,3,,
LOVE,0D,LOW,2,4,,
LOVE,0D,LOW,2,5,,
LOVE,0D,LOW,2,6,22-Jul,0
LOVE,0D,LOW,2,7,,
LOVE,0D,LOW,2,8,,
LOVE,0D,LOW,2,9,,
LOVE,0D,LOW,2,10,,
LOVE,0D,LOW,2,11,,
LOVE,0D,LOW,2,12,,
LOVE,0D,LOW,2,13,,
LOVE,0D,LOW,2,14,,
LOVE,0D,LOW,2,15,3-Jul,0
LOVE,0D,LOW,2,16,14-Jul,1
LOVE,0D,LOW,2,17,12-Jul,0
LOVE,0D,LOW,2,18,,
LOVE,0D,LOW,2,19,,
LOVE,0D,LOW,4,1,,
LOVE,0D,LOW,4,2,9-Jul,1
LOVE,0D,LOW,4,3,4-Jul,0
LOVE,0D,LOW,4,4,,
LOVE,0D,LOW,4,5,,
LOVE,0D,LOW,4,6,4-Jul,1
LOVE,0D,LOW,4,7,,
LOVE,0D,LOW,4,8,,
LOVE,0D,LOW,4,9,,
LOVE,0D,LOW,4,10,22-Jul,1
LOVE,0D,LOW,4,11,,
LOVE,0D,LOW,4,12,,
LOVE,0D,LOW,5,1,11-Jul,1
LOVE,0D,LOW,6,1,,
LOVE,0D,LOW,6,2,5-Jul,1
LOVE,0D,LOW,6,3,,
LOVE,0D,LOW,7,1,,
LOVE,0D,LOW,7,2,,
LOVE,0D,LOW,7,3,,
LOVE,0D,LOW,7,4,,
LOVE,0D,LOW,7,5,,
LOVE,0D,LOW,7,6,,
LOVE,0D,LOW,7,7,,
LOVE,0D,LOW,7,8,,
LOVE,0D,LOW,7,9,,
LOVE,0D,LOW,7,10,,
LOVE,0D,LOW,7,11,,
LOVE,0D,LOW,7,12,,
LOVE,0D,LOW,7,13,,
LOVE,0D,LOW,7,14,,
LOVE,0D,LOW,7,15,,
LOVE,0D,LOW,7,16,,
LOVE,0D,LOW,7,17,22-Jul,1
LOVE,0D,LOW,7,18,,
LOVE,0D,LOW,7,19,,
LOVE,3D,HI,1,1,,
LOVE,3D,HI,1,2,,
LOVE,3D,HI,1,3,3-Jul,1
LOVE,3D,HI,1,4,,
LOVE,3D,HI,1,5,,
LOVE,3D,HI,1,6,,
LOVE,3D,HI,1,7,,
LOVE,3D,HI,1,8,,
LOVE,3D,HI,1,9,,
LOVE,3D,HI,1,10,,
LOVE,3D,HI,1,11,,
LOVE,3D,HI,1,12,,
LOVE,3D,HI,1,13,,
LOVE,3D,HI,1,14,,
LOVE,3D,HI,1,15,,
LOVE,3D,HI,1,16,22-Jul,0
LOVE,3D,HI,1,17,,
LOVE,3D,HI,1,18,,
LOVE,3D,HI,1,19,,
LOVE,3D,HI,2,1,22-Jul,0
LOVE,3D,HI,2,2,22-Jul,1
LOVE,3D,HI,2,3,6-Jul,1
LOVE,3D,HI,2,4,,
LOVE,3D,HI,2,5,,
LOVE,3D,HI,2,6,,
LOVE,3D,HI,2,7,9-Jul,1
LOVE,3D,HI,2,8,,
LOVE,3D,HI,2,9,,
LOVE,3D,HI,2,10,,
LOVE,3D,HI,2,11,,
LOVE,3D,HI,2,12,,
LOVE,3D,HI,2,13,,
LOVE,3D,HI,2,14,,
LOVE,3D,HI,2,15,,
LOVE,3D,HI,2,16,,
LOVE,3D,HI,2,17,,
LOVE,3D,HI,2,18,,
LOVE,3D,HI,2,19,,
LOVE,3D,HI,3,1,,
LOVE,3D,HI,3,2,,
LOVE,3D,HI,3,3,,
LOVE,3D,HI,3,4,22-Jul,1
LOVE,3D,HI,3,5,,
LOVE,3D,HI,3,6,,
LOVE,3D,HI,3,7,,
LOVE,3D,HI,3,8,6-Jul,1
LOVE,3D,HI,3,9,,
LOVE,3D,HI,4,1,,
LOVE,3D,HI,4,2,,
LOVE,3D,HI,4,3,,
LOVE,3D,HI,4,4,,
LOVE,3D,HI,4,5,,
LOVE,3D,HI,4,6,,
LOVE,3D,HI,4,7,,
LOVE,3D,HI,4,8,,
LOVE,3D,HI,4,9,,
LOVE,3D,HI,4,10,22-Jul,1
LOVE,3D,HI,4,11,,
LOVE,3D,HI,4,12,,
LOVE,3D,HI,4,13,,
LOVE,3D,HI,4,14,,
LOVE,3D,HI,4,15,,
LOVE,3D,HI,4,16,,
LOVE,3D,HI,5,1,6-Jul,1
LOVE,3D,HI,5,2,,
LOVE,3D,HI,5,3,,
LOVE,3D,HI,5,4,,
LOVE,3D,HI,5,5,6-Jul,1
LOVE,3D,HI,5,6,,
LOVE,3D,HI,5,7,6-Jul,0
LOVE,3D,HI,5,8,,
LOVE,3D,HI,5,9,,
LOVE,3D,HI,5,10,,
LOVE,3D,HI,5,11,,
LOVE,3D,HI,5,12,,
LOVE,3D,HI,5,13,7-Jul,1
LOVE,3D,HI,5,14,6-Jul,1
LOVE,3D,HI,5,15,,
LOVE,3D,HI,5,16,,
LOVE,3D,HI,5,17,6-Jul,1
LOVE,3D,HI,5,18,,
LOVE,3D,HI,7,1,,
LOVE,3D,HI,7,2,,
LOVE,3D,HI,7,3,,
LOVE,3D,HI,7,4,,
LOVE,3D,HI,7,5,22-Jul,1
LOVE,3D,HI,7,6,13-Jul,1
LOVE,3D,HI,7,7,12-Jul,1
LOVE,3D,HI,7,8,,
LOVE,3D,HI,7,9,,
LOVE,3D,HI,7,10,12-Jul,1
LOVE,3D,HI,7,11,,
LOVE,3D,HI,7,12,,
LOVE,3D,HI,7,13,,
LOVE,3D,HI,7,14,,
LOVE,3D,HI,7,15,,
LOVE,3D,HI,7,16,,
LOVE,3D,HI,7,17,10-Jul,1
LOVE,3D,HI,7,18,,
LOVE,3D,HI,7,19,,
LOVE,3D,LOW,1,1,8-Jul,1
LOVE,3D,LOW,1,2,,
LOVE,3D,LOW,1,3,,
LOVE,3D,LOW,1,4,,
LOVE,3D,LOW,1,5,,
LOVE,3D,LOW,1,6,,
LOVE,3D,LOW,1,7,,
LOVE,3D,LOW,1,8,,
LOVE,3D,LOW,1,9,11-Jul,1
LOVE,3D,LOW,1,10,22-Jul,1
LOVE,3D,LOW,1,11,,
LOVE,3D,LOW,1,12,6-Jul,1
LOVE,3D,LOW,1,13,,
LOVE,3D,LOW,1,14,,
LOVE,3D,LOW,1,15,,
LOVE,3D,LOW,1,16,,
LOVE,3D,LOW,1,17,,
LOVE,3D,LOW,1,18,,
LOVE,3D,LOW,1,19,,
LOVE,3D,LOW,1,20,,
LOVE,3D,LOW,2,1,,
LOVE,3D,LOW,2,2,,
LOVE,3D,LOW,2,3,,
LOVE,3D,LOW,2,4,,
LOVE,3D,LOW,2,5,,
LOVE,3D,LOW,2,6,,
LOVE,3D,LOW,2,7,,
LOVE,3D,LOW,2,8,,
LOVE,3D,LOW,2,9,,
LOVE,3D,LOW,2,10,,
LOVE,3D,LOW,2,11,,
LOVE,3D,LOW,2,12,,
LOVE,3D,LOW,2,13,,
LOVE,3D,LOW,2,14,,
LOVE,3D,LOW,2,15,,
LOVE,3D,LOW,2,16,8-Jul,0
LOVE,3D,LOW,2,17,,
LOVE,3D,LOW,2,18,,
LOVE,3D,LOW,2,19,,
LOVE,3D,LOW,2,20,,
LOVE,3D,LOW,4,1,,
LOVE,3D,LOW,4,2,,
LOVE,3D,LOW,4,3,,
LOVE,3D,LOW,4,4,,
LOVE,3D,LOW,4,5,,
LOVE,3D,LOW,4,6,,
LOVE,3D,LOW,4,7,,
LOVE,3D,LOW,4,8,,
LOVE,3D,LOW,4,9,,
LOVE,3D,LOW,4,10,,
LOVE,3D,LOW,4,11,,
LOVE,3D,LOW,4,12,,
LOVE,3D,LOW,5,1,,
LOVE,3D,LOW,5,2,,
LOVE,3D,LOW,5,3,,
LOVE,3D,LOW,5,4,,
LOVE,3D,LOW,5,5,,
LOVE,3D,LOW,5,6,,
LOVE,3D,LOW,5,7,,
LOVE,3D,LOW,5,8,,
LOVE,3D,LOW,5,9,,
LOVE,3D,LOW,5,10,,
LOVE,3D,LOW,5,11,,
LOVE,3D,LOW,5,12,,
LOVE,3D,LOW,5,13,,
LOVE,3D,LOW,5,14,6-Jul,1
LOVE,3D,LOW,5,15,,
LOVE,3D,LOW,5,16,,
LOVE,3D,LOW,5,17,,
LOVE,3D,LOW,6,1,,
LOVE,3D,LOW,6,2,,
LOVE,3D,LOW,7,1,,
LOVE,3D,LOW,7,2,,
LOVE,3D,LOW,7,3,,
LOVE,3D,LOW,7,4,,
LOVE,3D,LOW,7,5,,
LOVE,3D,LOW,7,6,11-Jul,1
LOVE,3D,LOW,7,7,,
LOVE,3D,LOW,7,8,,
LOVE,3D,LOW,7,9,10-Jul,1
LOVE,3D,LOW,7,10,,
LOVE,3D,LOW,7,11,,
LOVE,3D,LOW,7,12,,
LOVE,3D,LOW,7,13,,
LOVE,3D,LOW,7,14,,
LOVE,3D,LOW,7,15,,
LOVE,3D,LOW,7,16,,
LOVE,3D,LOW,7,17,,
LOVE,3D,LOW,7,18,12-Jul,1
LOVE,3D,LOW,7,19,,
LOVE,3D,LOW,7,20,,
NM,0D,HI,1,1,8-Jul,0
NM,0D,HI,1,2,,
NM,0D,HI,1,3,,
NM,0D,HI,1,4,,
NM,0D,HI,1,5,,
NM,0D,HI,1,6,,
NM,0D,HI,1,7,,
NM,0D,HI,1,8,,
NM,0D,HI,1,9,,
NM,0D,HI,1,10,,
NM,0D,HI,1,11,,
NM,0D,HI,1,12,,
NM,0D,HI,1,13,,
NM,0D,HI,1,14,,
NM,0D,HI,1,15,,
NM,0D,HI,1,16,3-Jul,1
NM,0D,HI,1,17,,
NM,0D,HI,1,18,16-Jul,0
NM,0D,HI,2,1,13-Jul,1
NM,0D,HI,2,2,15-Jul,0
NM,0D,HI,2,3,22-Jul,1
NM,0D,HI,2,4,3-Jul,0
NM,0D,HI,2,5,,
NM,0D,HI,2,6,,
NM,0D,HI,2,7,,
NM,0D,HI,2,8,,
NM,0D,HI,2,9,7-Jul,1
NM,0D,HI,2,10,6-Jul,1
NM,0D,HI,2,11,,
NM,0D,HI,2,12,,
NM,0D,HI,2,13,,
NM,0D,HI,2,14,22-Jul,1
NM,0D,HI,2,15,3-Jul,0
NM,0D,HI,2,16,,
NM,0D,HI,2,17,,
NM,0D,HI,2,18,6-Jul,1
NM,0D,HI,2,19,,
NM,0D,HI,3,1,,
NM,0D,HI,3,2,,
NM,0D,HI,3,3,,
NM,0D,HI,3,4,,
NM,0D,HI,3,5,,
NM,0D,HI,3,6,,
NM,0D,HI,3,7,,
NM,0D,HI,3,8,,
NM,0D,HI,3,9,,
NM,0D,HI,3,10,,
NM,0D,HI,3,11,,
NM,0D,HI,3,12,,
NM,0D,HI,3,13,22-Jul,1
NM,0D,HI,3,14,,
NM,0D,HI,3,15,22-Jul,1
NM,0D,HI,3,16,22-Jul,1
NM,0D,HI,3,17,,
NM,0D,HI,3,18,,
NM,0D,HI,3,19,,
NM,0D,HI,4,1,20-Jul,
NM,0D,HI,4,2,22-Jul,1
NM,0D,HI,4,3,,
NM,0D,HI,4,4,,
NM,0D,HI,4,5,,
NM,0D,HI,4,6,,
NM,0D,HI,4,7,,
NM,0D,HI,4,8,,
NM,0D,HI,4,9,6-Jul,1
NM,0D,HI,4,10,,
NM,0D,HI,4,11,,
NM,0D,HI,4,12,,
NM,0D,HI,4,13,,
NM,0D,HI,4,14,,
NM,0D,HI,4,15,,
NM,0D,HI,4,16,,
NM,0D,HI,4,17,,
NM,0D,HI,4,18,,
NM,0D,HI,5,1,,
NM,0D,HI,5,2,,
NM,0D,HI,5,3,,
NM,0D,HI,5,4,,
NM,0D,HI,5,5,20-Jul,1
NM,0D,HI,5,6,4-Jul,1
NM,0D,HI,5,7,,
NM,0D,HI,5,8,13-Jul,1
NM,0D,HI,5,9,,
NM,0D,HI,5,10,,
NM,0D,HI,5,11,,
NM,0D,HI,5,12,,
NM,0D,HI,5,13,,
NM,0D,HI,5,14,,
NM,0D,HI,5,15,,
NM,0D,HI,5,16,,
NM,0D,HI,5,17,,
NM,0D,HI,5,18,,
NM,0D,HI,5,19,,
NM,0D,HI,6,1,,
NM,0D,HI,6,2,,
NM,0D,HI,6,3,,
NM,0D,HI,6,4,,
NM,0D,HI,6,5,,
NM,0D,HI,6,6,22-Jul,1
NM,0D,HI,6,7,,
NM,0D,HI,6,8,,
NM,0D,HI,6,9,,
NM,0D,HI,6,10,13-Jul,1
NM,0D,HI,6,11,,
NM,0D,HI,6,12,,
NM,0D,HI,6,13,,
NM,0D,HI,6,14,,
NM,0D,HI,6,15,9-Jul,1
NM,0D,HI,6,16,,
NM,0D,HI,6,17,,
NM,0D,HI,6,18,,
NM,0D,HI,7,1,22-Jul,1
NM,0D,HI,7,2,,
NM,0D,HI,7,3,,
NM,0D,HI,7,4,,
NM,0D,HI,7,5,,
NM,0D,HI,7,6,,
NM,0D,HI,7,7,13-Jul,1
NM,0D,HI,7,8,,
NM,0D,HI,7,9,,
NM,0D,HI,7,10,22-Jul,1
NM,0D,HI,7,11,,
NM,0D,HI,7,12,,
NM,0D,HI,7,13,,
NM,0D,HI,7,14,,
NM,0D,HI,7,15,,
NM,0D,HI,7,16,22-Jul,1
NM,0D,HI,7,17,22-Jul,1
NM,0D,HI,7,18,22-Jul,1
NM,0D,HI,7,19,,
NM,0D,HI,7,20,,
NM,0D,LOW,1,1,,
NM,0D,LOW,1,2,,
NM,0D,LOW,1,3,,
NM,0D,LOW,1,4,,
NM,0D,LOW,1,5,,
NM,0D,LOW,1,6,,
NM,0D,LOW,1,7,,
NM,0D,LOW,1,8,,
NM,0D,LOW,1,9,,
NM,0D,LOW,1,10,,
NM,0D,LOW,1,11,,
NM,0D,LOW,1,12,,
NM,0D,LOW,1,13,22-Jul,0
NM,0D,LOW,1,14,22-Jul,0
NM,0D,LOW,1,15,,
NM,0D,LOW,1,16,,
NM,0D,LOW,1,17,,
NM,0D,LOW,1,18,22-Jul,0
NM,0D,LOW,1,19,,
NM,0D,LOW,1,20,6-Jul,1
NM,0D,LOW,2,1,,
NM,0D,LOW,2,2,,
NM,0D,LOW,2,3,,
NM,0D,LOW,2,4,,
NM,0D,LOW,2,5,,
NM,0D,LOW,2,6,,
NM,0D,LOW,2,7,,
NM,0D,LOW,2,8,,
NM,0D,LOW,2,9,,
NM,0D,LOW,2,10,,
NM,0D,LOW,2,11,6-Jul,1
NM,0D,LOW,2,12,,
NM,0D,LOW,2,13,22-Jul,1
NM,0D,LOW,2,14,,
NM,0D,LOW,2,15,,
NM,0D,LOW,2,16,,
NM,0D,LOW,2,17,,
NM,0D,LOW,2,18,,
NM,0D,LOW,3,1,,
NM,0D,LOW,3,2,,
NM,0D,LOW,3,3,,
NM,0D,LOW,3,4,,
NM,0D,LOW,3,5,10-Jul,0
NM,0D,LOW,3,6,,
NM,0D,LOW,3,7,,
NM,0D,LOW,3,8,,
NM,0D,LOW,3,9,,
NM,0D,LOW,3,10,4-Jul,0
NM,0D,LOW,3,11,,
NM,0D,LOW,3,12,,
NM,0D,LOW,3,13,,
NM,0D,LOW,3,14,,
NM,0D,LOW,3,15,,
NM,0D,LOW,3,16,6-Jul,1
NM,0D,LOW,4,1,4-Jul,1
NM,0D,LOW,4,2,,
NM,0D,LOW,4,3,,
NM,0D,LOW,4,4,,
NM,0D,LOW,4,5,,
NM,0D,LOW,4,6,,
NM,0D,LOW,4,7,,
NM,0D,LOW,4,8,20-Jul,1
NM,0D,LOW,4,9,,
NM,0D,LOW,4,10,,
NM,0D,LOW,4,11,,
NM,0D,LOW,4,12,20-Jul,1
NM,0D,LOW,4,13,,
NM,0D,LOW,4,14,,
NM,0D,LOW,4,15,,
NM,0D,LOW,4,16,,
NM,0D,LOW,4,17,,
NM,0D,LOW,4,18,,
NM,0D,LOW,4,19,,
NM,0D,LOW,4,20,20-Jul,1
NM,0D,LOW,5,1,,
NM,0D,LOW,5,2,,
NM,0D,LOW,5,3,,
NM,0D,LOW,5,4,,
NM,0D,LOW,5,5,,
NM,0D,LOW,5,6,,
NM,0D,LOW,5,7,,
NM,0D,LOW,5,8,,
NM,0D,LOW,5,9,,
NM,0D,LOW,5,10,,
NM,0D,LOW,5,11,,
NM,0D,LOW,5,12,,
NM,0D,LOW,5,13,,
NM,0D,LOW,5,14,,
NM,0D,LOW,5,15,,
NM,0D,LOW,5,16,,
NM,0D,LOW,5,17,,
NM,0D,LOW,5,18,,
NM,0D,LOW,5,19,,
NM,0D,LOW,6,1,11-Jul,1
NM,0D,LOW,6,2,,
NM,0D,LOW,6,3,,
NM,0D,LOW,6,4,13-Jul,1
NM,0D,LOW,6,5,5-Jul,1
NM,0D,LOW,6,6,7-Jul,1
NM,0D,LOW,6,7,7-Jul,1
NM,0D,LOW,6,8,,
NM,0D,LOW,6,9,,
NM,0D,LOW,6,10,,
NM,0D,LOW,6,11,11-Jul,1
NM,0D,LOW,6,12,,
NM,0D,LOW,6,13,,
NM,0D,LOW,6,14,,
NM,0D,LOW,6,15,,
NM,0D,LOW,6,16,,
NM,0D,LOW,6,17,,
NM,0D,LOW,6,18,,
NM,0D,LOW,6,19,,
NM,0D,LOW,7,1,,
NM,0D,LOW,7,2,,
NM,0D,LOW,7,3,,
NM,0D,LOW,7,4,,
NM,0D,LOW,7,5,,
NM,0D,LOW,7,6,,
NM,0D,LOW,7,7,,
NM,0D,LOW,7,8,15-Jul,0
NM,0D,LOW,7,9,,
NM,0D,LOW,7,10,,
NM,0D,LOW,7,11,22-Jul,1
NM,0D,LOW,7,12,22-Jul,1
NM,0D,LOW,7,13,,
NM,0D,LOW,7,14,8-Jul,1
NM,0D,LOW,7,15,,
NM,0D,LOW,7,16,5-Jul,0
NM,0D,LOW,7,17,,
NM,0D,LOW,7,18,,
NM,0D,LOW,7,19,,
NM,0D,LOW,8,1,,
NM,0D,LOW,8,2,,
NM,0D,LOW,8,3,,
NM,0D,LOW,8,4,,
NM,0D,LOW,8,5,,
NM,0D,LOW,8,6,,
NM,0D,LOW,8,7,,
NM,0D,LOW,8,8,,
NM,0D,LOW,8,9,,
NM,0D,LOW,8,10,,
NM,0D,LOW,8,11,,
NM,0D,LOW,8,12,,
NM,0D,LOW,8,13,,
NM,0D,LOW,8,14,,
NM,0D,LOW,8,15,,
NM,0D,LOW,8,16,,
NM,0D,LOW,8,17,,
NM,0D,LOW,8,18,,
NM,0D,LOW,8,19,,
NM,0D,LOW,8,20,,
NM,3D,HI,1,1,,
NM,3D,HI,1,2,9-Jul,1
NM,3D,HI,1,3,6-Jul,1
NM,3D,HI,1,4,6-Jul,1
NM,3D,HI,1,5,8-Jul,1
NM,3D,HI,1,6,8-Jul,1
NM,3D,HI,1,7,,
NM,3D,HI,1,8,,
NM,3D,HI,1,9,,
NM,3D,HI,1,10,8-Jul,1
NM,3D,HI,1,11,6-Jul,1
NM,3D,HI,1,12,8-Jul,1
NM,3D,HI,1,13,,
NM,3D,HI,1,14,,
NM,3D,HI,1,15,6-Jul,1
NM,3D,HI,1,16,,
NM,3D,HI,1,17,6-Jul,1
NM,3D,HI,1,18,8-Jul,1
NM,3D,HI,1,19,,
NM,3D,HI,1,20,,
NM,3D,HI,3,1,,
NM,3D,HI,3,2,,
NM,3D,HI,3,3,,
NM,3D,HI,3,4,9-Jul,1
NM,3D,HI,3,5,9-Jul,1
NM,3D,HI,3,6,,
NM,3D,HI,3,7,,
NM,3D,HI,4,1,9-Jul,1
NM,3D,HI,4,2,,
NM,3D,HI,4,3,,
NM,3D,HI,4,4,20-Jul,1
NM,3D,HI,4,5,,
NM,3D,HI,4,6,,
NM,3D,HI,4,7,8-Jul,1
NM,3D,HI,4,8,,
NM,3D,HI,4,9,,
NM,3D,HI,4,10,10-Jul,1
NM,3D,HI,4,11,22-Jul,0
NM,3D,HI,4,12,6-Jul,1
NM,3D,HI,4,13,6-Jul,1
NM,3D,HI,4,14,10-Jul,1
NM,3D,HI,4,15,12-Jul,1
NM,3D,HI,4,16,,
NM,3D,HI,4,17,,
NM,3D,HI,4,18,,
NM,3D,HI,5,1,22-Jul,0
NM,3D,HI,5,2,,
NM,3D,HI,5,3,,
NM,3D,HI,5,4,,
NM,3D,HI,5,5,7-Jul,1
NM,3D,HI,5,6,,
NM,3D,HI,5,7,,
NM,3D,HI,5,8,10-Jul,1
NM,3D,HI,5,9,,
NM,3D,HI,5,10,7-Jul,1
NM,3D,HI,5,11,7-Jul,1
NM,3D,HI,5,12,,
NM,3D,HI,5,13,,
NM,3D,HI,5,14,,
NM,3D,HI,5,15,,
NM,3D,HI,5,16,10-Jul,1
NM,3D,HI,5,17,,
NM,3D,HI,5,18,,
NM,3D,HI,5,19,,
NM,3D,HI,5,20,,
NM,3D,HI,6,1,,
NM,3D,HI,6,2,,
NM,3D,HI,6,3,7-Jul,1
NM,3D,HI,6,4,,
NM,3D,HI,6,5,10-Jul,1
NM,3D,HI,6,6,10-Jul,1
NM,3D,HI,6,7,10-Jul,1
NM,3D,HI,6,8,7-Jul,1
NM,3D,HI,6,9,,
NM,3D,HI,6,10,,
NM,3D,HI,6,11,,
NM,3D,HI,6,12,7-Jul,1
NM,3D,HI,6,13,,
NM,3D,HI,7,1,6-Jul,1
NM,3D,HI,7,2,7-Jul,1
NM,3D,HI,7,3,7-Jul,1
NM,3D,HI,7,4,,
NM,3D,HI,7,5,,
NM,3D,HI,7,6,7-Jul,0
NM,3D,LOW,1,1,,
NM,3D,LOW,1,2,,
NM,3D,LOW,1,3,,
NM,3D,LOW,1,4,,
NM,3D,LOW,1,5,,
NM,3D,LOW,1,6,6-Jul,1
NM,3D,LOW,1,7,,
NM,3D,LOW,1,8,6-Jul,1
NM,3D,LOW,1,9,,
NM,3D,LOW,1,10,,
NM,3D,LOW,1,11,,
NM,3D,LOW,1,12,22-Jul,1
NM,3D,LOW,1,13,,
NM,3D,LOW,1,14,9-Jul,1
NM,3D,LOW,1,15,,
NM,3D,LOW,1,16,6-Jul,1
NM,3D,LOW,1,17,,
NM,3D,LOW,1,18,6-Jul,1
NM,3D,LOW,2,1,,
NM,3D,LOW,2,2,,
NM,3D,LOW,2,3,,
NM,3D,LOW,2,4,22-Jul,1
NM,3D,LOW,2,5,,
NM,3D,LOW,2,6,,
NM,3D,LOW,2,7,,
NM,3D,LOW,2,8,,
NM,3D,LOW,2,9,,
NM,3D,LOW,2,10,,
NM,3D,LOW,2,11,,
NM,3D,LOW,2,12,,
NM,3D,LOW,2,13,,
NM,3D,LOW,2,14,,
NM,3D,LOW,2,15,,
NM,3D,LOW,2,16,,
NM,3D,LOW,2,17,,
NM,3D,LOW,2,18,,
NM,3D,LOW,2,19,,
NM,3D,LOW,3,1,,
NM,3D,LOW,3,2,6-Jul,1
NM,3D,LOW,3,3,,
NM,3D,LOW,3,4,,
NM,3D,LOW,3,5,,
NM,3D,LOW,3,6,,
NM,3D,LOW,3,7,,
NM,3D,LOW,3,8,,
NM,3D,LOW,3,9,,
NM,3D,LOW,3,10,22-Jul,1
NM,3D,LOW,3,11,,
NM,3D,LOW,3,12,,
NM,3D,LOW,3,13,,
NM,3D,LOW,3,14,,
NM,3D,LOW,3,15,,
NM,3D,LOW,3,16,,
NM,3D,LOW,3,17,8-Jul,0
NM,3D,LOW,3,18,,
NM,3D,LOW,3,19,,
NM,3D,LOW,3,20,,
NM,3D,LOW,4,1,,
NM,3D,LOW,4,2,6-Jul,1
NM,3D,LOW,4,3,,
NM,3D,LOW,4,4,,
NM,3D,LOW,4,5,,
NM,3D,LOW,4,6,,
NM,3D,LOW,4,7,,
NM,3D,LOW,4,8,7-Jul,1
NM,3D,LOW,4,9,,
NM,3D,LOW,4,10,,
NM,3D,LOW,4,11,,
NM,3D,LOW,4,12,,
NM,3D,LOW,4,13,6-Jul,1
NM,3D,LOW,4,14,,
NM,3D,LOW,4,15,,
NM,3D,LOW,4,16,,
NM,3D,LOW,4,17,,
NM,3D,LOW,4,18,6-Jul,0
NM,3D,LOW,4,19,7-Jul,1
NM,3D,LOW,4,20,,
NM,3D,LOW,5,1,,
NM,3D,LOW,5,2,,
NM,3D,LOW,5,3,,
NM,3D,LOW,5,4,,
NM,3D,LOW,5,5,,
NM,3D,LOW,5,6,,
NM,3D,LOW,5,7,,
NM,3D,LOW,5,8,,
NM,3D,LOW,5,9,,
NM,3D,LOW,5,10,5-Jul,0
NM,3D,LOW,5,11,6-Jul,1
NM,3D,LOW,5,12,,
NM,3D,LOW,5,13,,
NM,3D,LOW,5,14,8-Jul,1
NM,3D,LOW,5,15,8-Jul,1
NM,3D,LOW,5,16,,
NM,3D,LOW,5,17,,
NM,3D,LOW,5,18,8-Jul,1
NM,3D,LOW,6,1,,
NM,3D,LOW,6,2,,
NM,3D,LOW,6,3,10-Jul,1
NM,3D,LOW,6,4,,
NM,3D,LOW,6,5,,
NM,3D,LOW,6,6,,
NM,3D,LOW,6,7,6-Jul,1
NM,3D,LOW,6,8,,
NM,3D,LOW,6,9,,
NM,3D,LOW,6,10,,
NM,3D,LOW,6,11,,
NM,3D,LOW,6,12,,
NM,3D,LOW,6,13,9-Jul,1
NM,3D,LOW,6,14,6-Jul,1
NM,3D,LOW,6,15,,
NM,3D,LOW,7,1,,
NM,3D,LOW,7,2,,
NM,3D,LOW,7,3,,
NM,3D,LOW,7,4,,
NM,3D,LOW,7,5,,
NM,3D,LOW,7,6,,
NM,3D,LOW,7,7,,
NM,3D,LOW,7,8,,
NM,3D,LOW,7,9,,
NM,3D,LOW,7,10,,
NM,3D,LOW,7,11,6-Jul,1
NM,3D,LOW,7,12,22-Jul,1
NM,3D,LOW,7,13,,
NM,3D,LOW,7,14,,
NM,3D,LOW,7,15,,
NM,3D,LOW,7,16,,
NM,3D,LOW,7,17,7-Jul,1
NM,3D,LOW,7,18,,
NM,3D,LOW,7,19,,
NM,3D,LOW,7,20,10-Jul,1
TMB,0D,HI,1,1,22-Jul,0
TMB,0D,HI,1,2,,
TMB,0D,HI,1,3,6-Jul,1
TMB,0D,HI,1,4,,
TMB,0D,HI,1,5,,
TMB,0D,HI,1,6,,
TMB,0D,HI,1,7,,
TMB,0D,HI,1,8,,
TMB,0D,HI,1,9,13-Jul,1
TMB,0D,HI,1,10,3-Jul,1
TMB,0D,HI,1,11,,
TMB,0D,HI,1,12,22-Jul,0
TMB,0D,HI,1,13,3-Jul,1
TMB,0D,HI,1,14,,
TMB,0D,HI,1,15,6-Jul,1
TMB,0D,HI,1,16,,
TMB,0D,HI,1,17,3-Jul,1
TMB,0D,HI,1,18,14-Jul,1
TMB,0D,HI,2,1,16-Jul,1
TMB,0D,HI,2,2,,
TMB,0D,HI,2,3,,
TMB,0D,HI,2,4,6-Jul,1
TMB,0D,HI,2,5,,
TMB,0D,HI,2,6,,
TMB,0D,HI,2,7,,
TMB,0D,HI,2,8,3-Jul,1
TMB,0D,HI,2,9,3-Jul,1
TMB,0D,HI,2,10,,
TMB,0D,HI,2,11,,
TMB,0D,HI,2,12,,
TMB,0D,HI,2,13,22-Jul,1
TMB,0D,HI,2,14,3-Jul,1
TMB,0D,HI,2,15,6-Jul,1
TMB,0D,HI,2,16,,
TMB,0D,HI,2,17,,
TMB,0D,HI,2,18,,
TMB,0D,HI,2,19,,
TMB,0D,HI,2,20,,
TMB,0D,HI,3,1,,
TMB,0D,HI,3,2,,
TMB,0D,HI,3,3,,
TMB,0D,HI,3,4,,
TMB,0D,HI,3,5,,
TMB,0D,HI,3,6,,
TMB,0D,HI,3,7,,
TMB,0D,HI,3,8,,
TMB,0D,HI,3,9,7-Jul,1
TMB,0D,HI,3,10,,
TMB,0D,HI,3,11,20-Jul,1
TMB,0D,HI,3,12,,
TMB,0D,HI,3,13,,
TMB,0D,HI,3,14,,
TMB,0D,HI,3,15,,
TMB,0D,HI,3,16,,
TMB,0D,HI,3,17,,
TMB,0D,HI,3,18,,
TMB,0D,HI,3,19,,
TMB,0D,HI,3,20,,
TMB,0D,HI,4,1,,
TMB,0D,HI,4,2,,
TMB,0D,HI,4,3,,
TMB,0D,HI,4,4,4-Jul,1
TMB,0D,HI,4,5,,
TMB,0D,HI,4,6,9-Jul,1
TMB,0D,HI,4,7,,
TMB,0D,HI,4,8,,
TMB,0D,HI,4,9,,
TMB,0D,HI,4,10,,
TMB,0D,HI,4,11,,
TMB,0D,HI,4,12,7-Jul,1
TMB,0D,HI,4,13,,
TMB,0D,HI,4,14,,
TMB,0D,HI,4,15,,
TMB,0D,HI,4,16,,
TMB,0D,HI,4,17,,
TMB,0D,HI,6,1,9-Jul,1
TMB,0D,HI,6,2,7-Jul,1
TMB,0D,HI,6,3,,
TMB,0D,HI,6,4,9-Jul,1
TMB,0D,HI,6,5,5-Jul,1
TMB,0D,HI,6,6,5-Jul,1
TMB,0D,HI,6,7,5-Jul,1
TMB,0D,HI,6,8,,
TMB,0D,HI,6,9,,
TMB,0D,HI,6,10,5-Jul,0
TMB,0D,HI,6,11,7-Jul,1
TMB,0D,HI,6,12,,
TMB,0D,HI,6,13,,
TMB,0D,HI,6,14,,
TMB,0D,HI,6,15,22-Jul,1
TMB,0D,HI,6,16,,
TMB,0D,HI,6,17,5-Jul,1
TMB,0D,HI,6,18,5-Jul,1
TMB,0D,HI,7,1,11-Jul,1
TMB,0D,HI,7,2,5-Jul,1
TMB,0D,HI,7,3,22-Jul,1
TMB,0D,HI,7,4,7-Jul,1
TMB,0D,HI,7,5,,
TMB,0D,HI,7,6,,
TMB,0D,LOW,1,1,,
TMB,0D,LOW,1,2,22-Jul,1
TMB,0D,LOW,1,3,,
TMB,0D,LOW,1,4,,
TMB,0D,LOW,1,5,6-Jul,1
TMB,0D,LOW,1,6,,
TMB,0D,LOW,1,7,,
TMB,0D,LOW,1,8,16-Jul,0
TMB,0D,LOW,1,9,,
TMB,0D,LOW,1,10,,
TMB,0D,LOW,1,11,,
TMB,0D,LOW,1,12,,
TMB,0D,LOW,1,13,,
TMB,0D,LOW,1,14,,
TMB,0D,LOW,1,15,,
TMB,0D,LOW,1,16,,
TMB,0D,LOW,1,17,,
TMB,0D,LOW,1,18,,
TMB,0D,LOW,1,19,,
TMB,0D,LOW,1,20,,
TMB,0D,LOW,2,1,,
TMB,0D,LOW,2,2,,
TMB,0D,LOW,2,3,,
TMB,0D,LOW,2,4,,
TMB,0D,LOW,2,5,,
TMB,0D,LOW,2,6,,
TMB,0D,LOW,2,7,,
TMB,0D,LOW,2,8,,
TMB,0D,LOW,2,9,,
TMB,0D,LOW,2,10,,
TMB,0D,LOW,2,11,,
TMB,0D,LOW,2,12,,
TMB,0D,LOW,2,13,,
TMB,0D,LOW,2,14,,
TMB,0D,LOW,2,15,,
TMB,0D,LOW,2,16,,
TMB,0D,LOW,2,17,6-Jul,1
TMB,0D,LOW,2,18,,
TMB,0D,LOW,2,19,3-Jul,1
TMB,0D,LOW,2,20,,
TMB,0D,LOW,3,1,,
TMB,0D,LOW,3,2,,
TMB,0D,LOW,3,3,,
TMB,0D,LOW,5,1,,
TMB,0D,LOW,5,2,13-Jul,1
TMB,0D,LOW,5,3,,
TMB,0D,LOW,5,4,22-Jul,1
TMB,0D,LOW,5,5,22-Jul,1
TMB,0D,LOW,5,6,,
TMB,0D,LOW,5,7,,
TMB,0D,LOW,5,8,,
TMB,0D,LOW,5,9,,
TMB,0D,LOW,5,10,,
TMB,0D,LOW,5,11,,
TMB,0D,LOW,5,12,,
TMB,0D,LOW,5,13,,
TMB,0D,LOW,5,14,,
TMB,0D,LOW,5,15,,
TMB,0D,LOW,5,16,,
TMB,0D,LOW,5,17,,
TMB,0D,LOW,5,18,,
TMB,0D,LOW,5,19,,
TMB,0D,LOW,5,20,,
TMB,0D,LOW,6,1,,
TMB,0D,LOW,6,2,,
TMB,0D,LOW,7,1,7-Jul,1
TMB,0D,LOW,7,2,5-Jul,0
TMB,0D,LOW,7,3,,
TMB,0D,LOW,7,4,22-Jul,1
TMB,0D,LOW,7,5,7-Jul,1
TMB,0D,LOW,7,6,,
TMB,0D,LOW,7,7,,
TMB,0D,LOW,7,8,5-Jul,1
TMB,0D,LOW,7,9,22-Jul,1
TMB,0D,LOW,7,10,7-Jul,1
TMB,0D,LOW,7,11,,
TMB,0D,LOW,7,12,,
TMB,0D,LOW,7,13,,
TMB,0D,LOW,7,14,,
TMB,0D,LOW,7,15,,
TMB,0D,LOW,7,16,,
TMB,0D,LOW,7,17,,
TMB,0D,LOW,7,18,,
TMB,0D,LOW,7,19,,
TMB,0D,LOW,7,20,,
TMB,3D,HI,1,1,,
TMB,3D,HI,1,2,6-Jul,1
TMB,3D,HI,1,3,6-Jul,1
TMB,3D,HI,1,4,,
TMB,3D,HI,1,5,8-Jul,1
TMB,3D,HI,1,6,,
TMB,3D,HI,1,7,9-Jul,1
TMB,3D,HI,1,8,6-Jul,1
TMB,3D,HI,1,9,,
TMB,3D,HI,1,10,9-Jul,1
TMB,3D,HI,1,11,20-Jul,1
TMB,3D,HI,1,12,6-Jul,1
TMB,3D,HI,1,13,6-Jul,1
TMB,3D,HI,1,14,22-Jul,1
TMB,3D,HI,1,15,8-Jul,1
TMB,3D,HI,1,16,6-Jul,1
TMB,3D,HI,1,17,6-Jul,1
TMB,3D,HI,2,1,10-Jul,0
TMB,3D,HI,2,2,6-Jul,0
TMB,3D,HI,2,3,,
TMB,3D,HI,2,4,9-Jul,1
TMB,3D,HI,2,5,10-Jul,1
TMB,3D,HI,2,6,,
TMB,3D,HI,2,7,8-Jul,1
TMB,3D,HI,3,1,9-Jul,1
TMB,3D,HI,3,2,,
TMB,3D,HI,3,3,,
TMB,3D,HI,3,4,,
TMB,3D,HI,3,5,,
TMB,3D,HI,3,6,6-Jul,1
TMB,3D,HI,3,7,,
TMB,3D,HI,3,8,,
TMB,3D,HI,3,9,,
TMB,3D,HI,3,10,8-Jul,1
TMB,3D,HI,3,11,,
TMB,3D,HI,3,12,,
TMB,3D,HI,3,13,,
TMB,3D,HI,3,14,6-Jul,1
TMB,3D,HI,3,15,,
TMB,3D,HI,3,16,,
TMB,3D,HI,3,17,22-Jul,1
TMB,3D,HI,3,18,,
TMB,3D,HI,3,19,,
TMB,3D,HI,3,20,,
TMB,3D,HI,4,1,,
TMB,3D,HI,4,2,7-Jul,1
TMB,3D,HI,4,3,,
TMB,3D,HI,4,4,10-Jul,1
TMB,3D,HI,4,5,,
TMB,3D,HI,4,6,,
TMB,3D,HI,4,7,9-Jul,1
TMB,3D,HI,4,8,,
TMB,3D,HI,4,9,,
TMB,3D,HI,4,10,,
TMB,3D,HI,4,11,,
TMB,3D,HI,4,12,10-Jul,1
TMB,3D,HI,4,13,,
TMB,3D,HI,4,14,7-Jul,1
TMB,3D,HI,4,15,,
TMB,3D,HI,4,16,,
TMB,3D,HI,4,17,7-Jul,1
TMB,3D,HI,4,18,,
TMB,3D,HI,4,19,,
TMB,3D,HI,5,1,6-Jul,1
TMB,3D,HI,6,1,,
TMB,3D,HI,6,2,20-Jul,1
TMB,3D,HI,6,3,7-Jul,1
TMB,3D,HI,6,4,10-Jul,1
TMB,3D,HI,6,5,8-Jul,1
TMB,3D,HI,6,6,8-Jul,1
TMB,3D,HI,6,7,,
TMB,3D,HI,6,8,11-Jul,1
TMB,3D,HI,6,9,,
TMB,3D,HI,6,10,,
TMB,3D,HI,6,11,7-Jul,1
TMB,3D,HI,6,12,10-Jul,1
TMB,3D,HI,6,13,,
TMB,3D,HI,6,14,12-Jul,1
TMB,3D,HI,6,15,,
TMB,3D,HI,6,16,8-Jul,1
TMB,3D,HI,7,1,6-Jul,1
TMB,3D,HI,7,2,6-Jul,1
TMB,3D,HI,7,3,20-Jul,1
TMB,3D,HI,7,4,,
TMB,3D,HI,7,5,10-Jul,1
TMB,3D,HI,7,6,6-Jul,1
TMB,3D,HI,7,7,12-Jul,1
TMB,3D,HI,7,8,,
TMB,3D,LOW,1,1,,
TMB,3D,LOW,1,2,,
TMB,3D,LOW,1,3,9-Jul,0
TMB,3D,LOW,1,4,,
TMB,3D,LOW,1,5,,
TMB,3D,LOW,1,6,8-Jul,1
TMB,3D,LOW,1,7,,
TMB,3D,LOW,1,8,,
TMB,3D,LOW,1,9,8-Jul,1
TMB,3D,LOW,1,10,,
TMB,3D,LOW,1,11,6-Jul,1
TMB,3D,LOW,1,12,,
TMB,3D,LOW,1,13,22-Jul,1
TMB,3D,LOW,1,14,,
TMB,3D,LOW,1,15,,
TMB,3D,LOW,1,16,,
TMB,3D,LOW,1,17,8-Jul,1
TMB,3D,LOW,1,18,,
TMB,3D,LOW,2,1,,
TMB,3D,LOW,2,2,,
TMB,3D,LOW,2,3,,
TMB,3D,LOW,2,4,,
TMB,3D,LOW,2,5,,
TMB,3D,LOW,2,6,,
TMB,3D,LOW,2,7,6-Jul,1
TMB,3D,LOW,2,8,,
TMB,3D,LOW,2,9,,
TMB,3D,LOW,2,10,,
TMB,3D,LOW,2,11,,
TMB,3D,LOW,2,12,,
TMB,3D,LOW,2,13,,
TMB,3D,LOW,2,14,22-Jul,1
TMB,3D,LOW,2,15,,
TMB,3D,LOW,2,16,,
TMB,3D,LOW,2,17,,
TMB,3D,LOW,2,18,22-Jul,1
TMB,3D,LOW,3,1,22-Jul,0
TMB,3D,LOW,3,2,,
TMB,3D,LOW,3,3,,
TMB,3D,LOW,3,4,,
TMB,3D,LOW,3,5,,
TMB,3D,LOW,3,6,,
TMB,3D,LOW,3,7,6-Jul,0
TMB,3D,LOW,3,8,,
TMB,3D,LOW,3,9,,
TMB,3D,LOW,3,10,,
TMB,3D,LOW,3,11,,
TMB,3D,LOW,3,12,,
TMB,3D,LOW,3,13,,
TMB,3D,LOW,3,14,,
TMB,3D,LOW,3,15,22-Jul,1
TMB,3D,LOW,3,16,,
TMB,3D,LOW,3,17,,
TMB,3D,LOW,3,18,,
TMB,3D,LOW,3,19,,
TMB,3D,LOW,3,20,,
TMB,3D,LOW,4,1,,
TMB,3D,LOW,4,2,,
TMB,3D,LOW,4,3,,
TMB,3D,LOW,4,4,7-Jul,1
TMB,3D,LOW,4,5,,
TMB,3D,LOW,4,6,,
TMB,3D,LOW,4,7,,
TMB,3D,LOW,4,8,,
TMB,3D,LOW,4,9,,
TMB,3D,LOW,4,10,,
TMB,3D,LOW,4,11,,
TMB,3D,LOW,4,12,,
TMB,3D,LOW,4,13,,
TMB,3D,LOW,4,14,,
TMB,3D,LOW,4,15,,
TMB,3D,LOW,4,16,,
TMB,3D,LOW,4,17,22-Jul,1
TMB,3D,LOW,4,18,,
TMB,3D,LOW,4,19,,
TMB,3D,LOW,4,20,,
TMB,3D,LOW,6,1,,
TMB,3D,LOW,6,2,,
TMB,3D,LOW,6,3,7-Jul,0
TMB,3D,LOW,7,1,,
TMB,3D,LOW,7,2,,
TMB,3D,LOW,7,3,10-Jul,1
TMB,3D,LOW,7,4,,
TMB,3D,LOW,7,5,,
TMB,3D,LOW,7,6,,
TMB,3D,LOW,7,7,,
TMB,3D,LOW,7,8,,
TMB,3D,LOW,7,9,,
TMB,3D,LOW,7,10,,
TMB,3D,LOW,7,11,,
TMB,3D,LOW,7,12,,
TMB,3D,LOW,7,13,,
TMB,3D,LOW,7,14,11-Jul,1
TMB,3D,LOW,7,15,7-Jul,1
TMB,3D,LOW,7,16,,
TMB,3D,LOW,7,17,7-Jul,1
TMB,3D,LOW,7,18,6-Jul,1